pdv_id;produto_id
18014;01444
16116;01444
14228;01444
15686;01444
18281;01444
16568;01444
15067;01444
16758;01444
10937;01444
12330;01444
15395;01444
16512;01444
17610;01444
13017;01444
15693;01444
17989;01444
16521;01446
18014;01446
15686;01446
16116;01446
18061;01446
10208;01446
14530;01446
15408;01446
16508;01446
17887;01446
18091;01446
18358;01446
18362;01446
16568;01446
15096;01446
16060;01446
14615;01446
13552;01446
14808;01446
15155;01446
15377;01446
16493;01446
11731;01446
16862;01446
10763;01446
11640;01446
11701;01446
11839;01446
12205;01446
13017;01446
13062;01446
14429;01446
14496;01446
14732;01446
15027;01446
15272;01446
15395;01446
15530;01446
15693;01446
15878;01446
15906;01446
16752;01446
16806;01446
16996;01446
17317;01446
17610;01446
17825;01446
17964;01446
18294;01446
18299;01446
18326;01446
14979;01446
16560;01446
17160;01446
17226;01446
17989;01446
12732;01446
17519;01446
17854;01446
17179;01446
16758;01447
15377;01447
17092;01447
12330;01447
15693;01447
15845;01447
16806;01447
18383;01447
12205;01447
13017;01447
11739;01447
17226;01447
17854;01447
14634;01622
12309;01622
15522;01622
18301;01622
15584;01622
11922;01622
15330;01622
18346;01622
14019;01622
14227;01622
13187;01622
14868;01622
10537;01622
11870;01622
14483;01622
15105;01622
13831;01622
12473;01622
17357;01622
14735;01622
14220;01622
14282;01622
18159;01622
12460;01622
14593;01622
15356;01622
17113;01622
18163;01622
17590;01622
13311;01622
10980;01622
15110;01622
11867;01622
10498;01622
13140;01622
10457;01622
10778;01622
15081;01622
17450;01622
11979;01622
16174;01622
11985;01622
13804;01622
15686;01622
16116;01622
17925;01622
18061;01622
14765;01622
13429;01622
14642;01622
18359;01622
10094;01622
12281;01622
17570;01622
17326;01622
15173;01622
13935;01622
14615;01622
14634;01623
18158;01623
15584;01623
18301;01623
14227;01623
10853;01623
11922;01623
15330;01623
18346;01623
14019;01623
11870;01623
13187;01623
14868;01623
15105;01623
10537;01623
14483;01623
10066;01623
12473;01623
16521;01623
16122;01623
16428;01623
14220;01623
14282;01623
18159;01623
12460;01623
14593;01623
15356;01623
18163;01623
13311;01623
14814;01623
10980;01623
15110;01623
14043;01623
11867;01623
10498;01623
13140;01623
10975;01623
10457;01623
10778;01623
18248;01623
16466;01623
14595;01623
17450;01623
18218;01623
12965;01623
16792;01623
13409;01623
14765;01623
13429;01623
11366;01623
16349;01623
18009;01623
11684;01623
14530;01623
15965;01623
16273;01623
14652;01623
17735;01623
14642;01623
17673;01623
18359;01623
12086;01623
12281;01623
15219;01623
17570;01623
10094;01623
13937;01623
14646;01623
15067;01623
13935;01623
15173;01623
17431;01623
17437;01623
14615;01623
17438;01623
18138;01623
18372;01623
15330;04206
14483;04206
12248;04206
10853;04206
14019;04206
18346;04206
13187;04206
14868;04206
10537;04206
13831;04206
14746;04206
10066;04206
15555;04206
17397;04206
18027;04206
17541;04206
13111;04206
14735;04206
18014;04206
18329;04206
16122;04206
17250;04206
10531;04206
15355;04206
18116;04206
16152;04206
13978;04206
15356;04206
15357;04206
18163;04206
17590;04206
11231;04206
10498;04206
15494;04206
17087;04206
15081;04206
13247;04206
17450;04206
12219;04206
16788;04206
15686;04206
16116;04206
17925;04206
18061;04206
14228;04206
12971;04206
13696;04206
13409;04206
12429;04206
13429;04206
14765;04206
12067;04206
13988;04206
18191;04206
18186;04206
10549;04206
10295;04206
12155;04206
15111;04206
16224;04206
16273;04206
18051;04206
17445;04206
12406;04206
17309;04206
13575;04206
13928;04206
18359;04206
11834;04206
12281;04206
17570;04206
11995;04206
12038;04206
15067;04206
17437;04206
14615;04206
17438;04206
18016;04206
17436;04206
16263;04207
14483;04207
12248;04207
15330;04207
10853;04207
11870;04207
13831;04207
14019;04207
18346;04207
11646;04207
13187;04207
10537;04207
14868;04207
14746;04207
15105;04207
10066;04207
16521;04207
17397;04207
18014;04207
18027;04207
17541;04207
17250;04207
14735;04207
16122;04207
15555;04207
13111;04207
16428;04207
18329;04207
12220;04207
12460;04207
13918;04207
15355;04207
18160;04207
10531;04207
14282;04207
15356;04207
17113;04207
18116;04207
18117;04207
18159;04207
18163;04207
11231;04207
13140;04207
10498;04207
15494;04207
17087;04207
18025;04207
14605;04207
16242;04207
16132;04207
18024;04207
16466;04207
16790;04207
17675;04207
17450;04207
12219;04207
15081;04207
16788;04207
13811;04207
17925;04207
18061;04207
11210;04207
14228;04207
16116;04207
15686;04207
15171;04207
15581;04207
15841;04207
15806;04207
16163;04207
13803;04207
12210;04207
13409;04207
12831;04207
16801;04207
18280;04207
12764;04207
16283;04207
14765;04207
13429;04207
12067;04207
15408;04207
10549;04207
14778;04207
10295;04207
12470;04207
15111;04207
16273;04207
16508;04207
16751;04207
17423;04207
17666;04207
17674;04207
17885;04207
18051;04207
18265;04207
15660;04207
18237;04207
15361;04207
10431;04207
10761;04207
12048;04207
12916;04207
15028;04207
17735;04207
15237;04207
16702;04207
17626;04207
12406;04207
14642;04207
17309;04207
13575;04207
17673;04207
13928;04207
18359;04207
10934;04207
11834;04207
17346;04207
17543;04207
15219;04207
17570;04207
12281;04207
12038;04207
11995;04207
13333;04207
10679;04207
13152;04207
17326;04207
14646;04207
13937;04207
18388;04207
15013;04207
15067;04207
15096;04207
15173;04207
13935;04207
14664;04207
16359;04207
16762;04207
16758;04207
17437;04207
14615;04207
18139;04207
18016;04207
14979;04207
17436;04207
12072;04207
13860;04208
14634;04208
15584;04208
18301;04208
12248;04208
10853;04208
18346;04208
11870;04208
11922;04208
15330;04208
13831;04208
14019;04208
15105;04208
11646;04208
13187;04208
14483;04208
10537;04208
14868;04208
16521;04208
10066;04208
12473;04208
15107;04208
17250;04208
17397;04208
18014;04208
16122;04208
17541;04208
14735;04208
13111;04208
18329;04208
10531;04208
12220;04208
14282;04208
18161;04208
18163;04208
18116;04208
12460;04208
14220;04208
15356;04208
15357;04208
17113;04208
18162;04208
17590;04208
11231;04208
14818;04208
11078;04208
15116;04208
13073;04208
14230;04208
15119;04208
14817;04208
15619;04208
15494;04208
17087;04208
10498;04208
10778;04208
10457;04208
10975;04208
13047;04208
18025;04208
18100;04208
18102;04208
16242;04208
12201;04208
15287;04208
16790;04208
17675;04208
18026;04208
13904;04208
16132;04208
16466;04208
18024;04208
12325;04208
14605;04208
18218;04208
17450;04208
12219;04208
15081;04208
16788;04208
11978;04208
11984;04208
11986;04208
11987;04208
11988;04208
13804;04208
15183;04208
15506;04208
11983;04208
11979;04208
11980;04208
11985;04208
12526;04208
13271;04208
11975;04208
11982;04208
18208;04208
11974;04208
11981;04208
16174;04208
15686;04208
17925;04208
11210;04208
13811;04208
14228;04208
18061;04208
16116;04208
15841;04208
12210;04208
15581;04208
15705;04208
15806;04208
15583;04208
13803;04208
14523;04208
17153;04208
16644;04208
14657;04208
16018;04208
13917;04208
13409;04208
12831;04208
17234;04208
13429;04208
14765;04208
13988;04208
18375;04208
11191;04208
11684;04208
12633;04208
11366;04208
12470;04208
12638;04208
12775;04208
15111;04208
15361;04208
15965;04208
16508;04208
17423;04208
17674;04208
17735;04208
18362;04208
15028;04208
15660;04208
17746;04208
10431;04208
12048;04208
17445;04208
18281;04208
12406;04208
12999;04208
13561;04208
14642;04208
15237;04208
16665;04208
17626;04208
17678;04208
17744;04208
17309;04208
16702;04208
17673;04208
18359;04208
12467;04208
17543;04208
15219;04208
17570;04208
12281;04208
13333;04208
11995;04208
12038;04208
12179;04208
14646;04208
17326;04208
13937;04208
15013;04208
16568;04208
15067;04208
18129;04208
16083;04208
17213;04208
18338;04208
15539;04208
15545;04208
16260;04208
18199;04208
15915;04208
16060;04208
14020;04208
16635;04208
16631;04208
17437;04208
14615;04208
18139;04208
17438;04208
10496;04208
14669;04208
14979;04208
17160;04208
17436;04208
14634;04209
13860;04209
14329;04209
14483;04209
11922;04209
18346;04209
14019;04209
15105;04209
10853;04209
13187;04209
10537;04209
14868;04209
10066;04209
16521;04209
15107;04209
14735;04209
15555;04209
13111;04209
17541;04209
18014;04209
18027;04209
16122;04209
17397;04209
18329;04209
10531;04209
14282;04209
15356;04209
18163;04209
15355;04209
15357;04209
18116;04209
18161;04209
18162;04209
17590;04209
11231;04209
10498;04209
15494;04209
18026;04209
18102;04209
12325;04209
13047;04209
16790;04209
18024;04209
13904;04209
14605;04209
16132;04209
16242;04209
15287;04209
16466;04209
13247;04209
17450;04209
15081;04209
11975;04209
11976;04209
11979;04209
11980;04209
11981;04209
11982;04209
11983;04209
11984;04209
13271;04209
15183;04209
15506;04209
16174;04209
18208;04209
11985;04209
11986;04209
11987;04209
13804;04209
12526;04209
11974;04209
11988;04209
13811;04209
14228;04209
15686;04209
16116;04209
17925;04209
18061;04209
11210;04209
15171;04209
15806;04209
13803;04209
13696;04209
17153;04209
16644;04209
13917;04209
18280;04209
16283;04209
13429;04209
14765;04209
13988;04209
18375;04209
11191;04209
10549;04209
11527;04209
12633;04209
10295;04209
12048;04209
12155;04209
12775;04209
16273;04209
17055;04209
17746;04209
18191;04209
18009;04209
10985;04209
14642;04209
17626;04209
17744;04209
17309;04209
17678;04209
10024;04209
16702;04209
18359;04209
17543;04209
10094;04209
12281;04209
17570;04209
12038;04209
11995;04209
13333;04209
13937;04209
18388;04209
14646;04209
15173;04209
16359;04209
13935;04209
18129;04209
15541;04209
16260;04209
18199;04209
17805;04209
16084;04209
15545;04209
17213;04209
18338;04209
15539;04209
15915;04209
16635;04209
16631;04209
17437;04209
14615;04209
14669;04209
14979;04209
14980;04209
12072;04209
15522;04210
13860;04210
12248;04210
10853;04210
13831;04210
14019;04210
18346;04210
11870;04210
10537;04210
13187;04210
14868;04210
14483;04210
15105;04210
16521;04210
10066;04210
15107;04210
15555;04210
16428;04210
17397;04210
18329;04210
16122;04210
18027;04210
13111;04210
14735;04210
17541;04210
18014;04210
17250;04210
12460;04210
13918;04210
14282;04210
15357;04210
15962;04210
18163;04210
10531;04210
14593;04210
18116;04210
13978;04210
15356;04210
17113;04210
18162;04210
17590;04210
11231;04210
15116;04210
14333;04210
11078;04210
13073;04210
13311;04210
14230;04210
14817;04210
15619;04210
10498;04210
15494;04210
10457;04210
10778;04210
10975;04210
13904;04210
16790;04210
18102;04210
13047;04210
14605;04210
16242;04210
18024;04210
18025;04210
18026;04210
17675;04210
12201;04210
12325;04210
15287;04210
16132;04210
16466;04210
17450;04210
12219;04210
15081;04210
11975;04210
11978;04210
11980;04210
11981;04210
11983;04210
11986;04210
13271;04210
15506;04210
16174;04210
15183;04210
11979;04210
11985;04210
11987;04210
18208;04210
11982;04210
12526;04210
13804;04210
11974;04210
11988;04210
13811;04210
15686;04210
11210;04210
16116;04210
17925;04210
18061;04210
14228;04210
15581;04210
15705;04210
16163;04210
13803;04210
17153;04210
16644;04210
14657;04210
12944;04210
12768;04210
13917;04210
16792;04210
18280;04210
17234;04210
12429;04210
13429;04210
14765;04210
13988;04210
18375;04210
11191;04210
10549;04210
11527;04210
11684;04210
12633;04210
14778;04210
10295;04210
12048;04210
12470;04210
12775;04210
13055;04210
15028;04210
15111;04210
15361;04210
15965;04210
16224;04210
16226;04210
16508;04210
16747;04210
17055;04210
17423;04210
17666;04210
17674;04210
17735;04210
17885;04210
18191;04210
18265;04210
18362;04210
18370;04210
10431;04210
10985;04210
13254;04210
13921;04210
15074;04210
16273;04210
17458;04210
10024;04210
12999;04210
13561;04210
14642;04210
17626;04210
17744;04210
16665;04210
17309;04210
13928;04210
17673;04210
18359;04210
10934;04210
17543;04210
10094;04210
12281;04210
17570;04210
12038;04210
11995;04210
13333;04210
14701;04210
13937;04210
17326;04210
18060;04210
18388;04210
14664;04210
13935;04210
16762;04210
16359;04210
15173;04210
18129;04210
16260;04210
18199;04210
18338;04210
15539;04210
15545;04210
15915;04210
16758;04210
16631;04210
16635;04210
14020;04210
18139;04210
14615;04210
10496;04210
18193;04210
14669;04210
14980;04210
17946;04210
12309;91240
15330;91240
14227;91240
12248;91240
18182;91240
15105;91240
11922;91240
10505;91240
18346;91240
10853;91240
11870;91240
13831;91240
14019;91240
14483;91240
11646;91240
13187;91240
14868;91240
12473;91240
10066;91240
15114;91240
16370;91240
16521;91240
15107;91240
10424;91240
17357;91240
15555;91240
16122;91240
17397;91240
14735;91240
17541;91240
18014;91240
18329;91240
13111;91240
17250;91240
18027;91240
13918;91240
13978;91240
15356;91240
15962;91240
18162;91240
10531;91240
12460;91240
14220;91240
14282;91240
14593;91240
18159;91240
18163;91240
18161;91240
15357;91240
17590;91240
10975;91240
17675;91240
16242;91240
18024;91240
12201;91240
14605;91240
16132;91240
18100;91240
18102;91240
15287;91240
16466;91240
16790;91240
18025;91240
18026;91240
13047;91240
12325;91240
14595;91240
11314;91240
15081;91240
12219;91240
11976;91240
11981;91240
16174;91240
11982;91240
11986;91240
13271;91240
15183;91240
11983;91240
11984;91240
11985;91240
13804;91240
18208;91240
11975;91240
11987;91240
12526;91240
11979;91240
15506;91240
11974;91240
11980;91240
11988;91240
15686;91240
17925;91240
18061;91240
13917;91240
18280;91240
16792;91240
13409;91240
16801;91240
16283;91240
17724;91240
12429;91240
13429;91240
14765;91240
13988;91240
18375;91240
11191;91240
18186;91240
12633;91240
14778;91240
12884;91240
14546;91240
15074;91240
15111;91240
15361;91240
15891;91240
15965;91240
16626;91240
16747;91240
16751;91240
17423;91240
17584;91240
17746;91240
18051;91240
18191;91240
18265;91240
18281;91240
10549;91240
11527;91240
13055;91240
16273;91240
17445;91240
10985;91240
13254;91240
10024;91240
12406;91240
12999;91240
13561;91240
15504;91240
16665;91240
17744;91240
14642;91240
17309;91240
17678;91240
17282;91240
16702;91240
17673;91240
12086;91240
13928;91240
18359;91240
12467;91240
17543;91240
10094;91240
12281;91240
17570;91240
13333;91240
11995;91240
12038;91240
13152;91240
13937;91240
14646;91240
15067;91240
11609;91240
18323;91240
15246;91240
16161;91240
14733;91240
16635;91240
14020;91240
17437;91240
18138;91240
10184;91240
15328;91240
14732;91240
14979;91240
14980;91240
17436;91240
14329;91241
13860;91241
14227;91241
12248;91241
15330;91241
15105;91241
10853;91241
18346;91241
11870;91241
13831;91241
14019;91241
11922;91241
10505;91241
11646;91241
14483;91241
10537;91241
13187;91241
10066;91241
15114;91241
16521;91241
16370;91241
15107;91241
10424;91241
17357;91241
14735;91241
17541;91241
13111;91241
15555;91241
17397;91241
18027;91241
17250;91241
16122;91241
18329;91241
16428;91241
12460;91241
14593;91241
16152;91241
18160;91241
10531;91241
14220;91241
15356;91241
15357;91241
18116;91241
18159;91241
18163;91241
14282;91241
18161;91241
18162;91241
18117;91241
17590;91241
14818;91241
15116;91241
11078;91241
13311;91241
13073;91241
14333;91241
14817;91241
14613;91241
14819;91241
14230;91241
14814;91241
15110;91241
18304;91241
14043;91241
12370;91241
14816;91241
15119;91241
13140;91241
15494;91241
10498;91241
14379;91241
10778;91241
10457;91241
10975;91241
18248;91241
16132;91241
16790;91241
17675;91241
18100;91241
18026;91241
18024;91241
16466;91241
13904;91241
18025;91241
18102;91241
14605;91241
16242;91241
15287;91241
12325;91241
12201;91241
14595;91241
13247;91241
11314;91241
15081;91241
18218;91241
12219;91241
16788;91241
16174;91241
11980;91241
11983;91241
13271;91241
15183;91241
11984;91241
11981;91241
11986;91241
11975;91241
11987;91241
11985;91241
18208;91241
11979;91241
13804;91241
11982;91241
11988;91241
11974;91241
15506;91241
11210;91241
18061;91241
16116;91241
14228;91241
15686;91241
17925;91241
12965;91241
12971;91241
15171;91241
15583;91241
15705;91241
15841;91241
15581;91241
16163;91241
12210;91241
15806;91241
13803;91241
17153;91241
16644;91241
14869;91241
16018;91241
18280;91241
12768;91241
13917;91241
13409;91241
16792;91241
12831;91241
16283;91241
17724;91241
17234;91241
12429;91241
13429;91241
14765;91241
12067;91241
13988;91241
11191;91241
11684;91241
12633;91241
10295;91241
12048;91241
12470;91241
13046;91241
14546;91241
15408;91241
15891;91241
16224;91241
16273;91241
16626;91241
16751;91241
17259;91241
17531;91241
17584;91241
17607;91241
17746;91241
17992;91241
18370;91241
11527;91241
14778;91241
10761;91241
11366;91241
13055;91241
15074;91241
16349;91241
17055;91241
17152;91241
18051;91241
18237;91241
18265;91241
18281;91241
18191;91241
18374;91241
15028;91241
16747;91241
15111;91241
15361;91241
10549;91241
13254;91241
13906;91241
13921;91241
18186;91241
17445;91241
12999;91241
13561;91241
16702;91241
10024;91241
14609;91241
17309;91241
17626;91241
17744;91241
16665;91241
17678;91241
17282;91241
17673;91241
12086;91241
13928;91241
18359;91241
12467;91241
11834;91241
17543;91241
10094;91241
17570;91241
12281;91241
13333;91241
12038;91241
11995;91241
12179;91241
14701;91241
14646;91241
17326;91241
13152;91241
13937;91241
18388;91241
15013;91241
15014;91241
15015;91241
16568;91241
15096;91241
13935;91241
14664;91241
16359;91241
17431;91241
15540;91241
18129;91241
18199;91241
16897;91241
18049;91241
18338;91241
15545;91241
17213;91241
16260;91241
16083;91241
15539;91241
15915;91241
15085;91241
16595;91241
16758;91241
15246;91241
11609;91241
16161;91241
18323;91241
14020;91241
16635;91241
16631;91241
17437;91241
18138;91241
18139;91241
10872;91241
15328;91241
17098;91241
12116;91241
10184;91241
14732;91241
14926;91241
14669;91241
14980;91241
17946;91241
18033;91241
17160;91241
17436;91241
14634;91242
12248;91242
15330;91242
10853;91242
11922;91242
15105;91242
11870;91242
14019;91242
18346;91242
14227;91242
10537;91242
11646;91242
14868;91242
13187;91242
13831;91242
14746;91242
14483;91242
12473;91242
15114;91242
16370;91242
10066;91242
16521;91242
15107;91242
17357;91242
10424;91242
15555;91242
16122;91242
17541;91242
14735;91242
17250;91242
18014;91242
18027;91242
18329;91242
12220;91242
12460;91242
13918;91242
13978;91242
14220;91242
15356;91242
15962;91242
18160;91242
18161;91242
10531;91242
15357;91242
16152;91242
18116;91242
18162;91242
17590;91242
14818;91242
11078;91242
13073;91242
13311;91242
14815;91242
14333;91242
10980;91242
14817;91242
14819;91242
15117;91242
12370;91242
15619;91242
14230;91242
18043;91242
15119;91242
14816;91242
13140;91242
10498;91242
17087;91242
15494;91242
18368;91242
10457;91242
14379;91242
10778;91242
10975;91242
13904;91242
16242;91242
18025;91242
12201;91242
16132;91242
18100;91242
18102;91242
13047;91242
15287;91242
16790;91242
17675;91242
18024;91242
18026;91242
14605;91242
16466;91242
12325;91242
15081;91242
11314;91242
14595;91242
12219;91242
16788;91242
11976;91242
11983;91242
13271;91242
16174;91242
13804;91242
15183;91242
11982;91242
11984;91242
11986;91242
12526;91242
11985;91242
11975;91242
11979;91242
11987;91242
18208;91242
11974;91242
15506;91242
11980;91242
11210;91242
18061;91242
15686;91242
14228;91242
16116;91242
12971;91242
12210;91242
15705;91242
15841;91242
15581;91242
15806;91242
13803;91242
17153;91242
16644;91242
14657;91242
14869;91242
13917;91242
18280;91242
13409;91242
16792;91242
12831;91242
16801;91242
16283;91242
12429;91242
13429;91242
14765;91242
12067;91242
13988;91242
11191;91242
10549;91242
12633;91242
10761;91242
10985;91242
12470;91242
13906;91242
14193;91242
14530;91242
14546;91242
15677;91242
15965;91242
16226;91242
16349;91242
16626;91242
17259;91242
17531;91242
17538;91242
17584;91242
17992;91242
18191;91242
18265;91242
18271;91242
15111;91242
15891;91242
16273;91242
16508;91242
18237;91242
13055;91242
17152;91242
15361;91242
16747;91242
18281;91242
13254;91242
13921;91242
18197;91242
14609;91242
10024;91242
16665;91242
17309;91242
17626;91242
14642;91242
17282;91242
13561;91242
16702;91242
12086;91242
13928;91242
17673;91242
18359;91242
12467;91242
11834;91242
17543;91242
10094;91242
12281;91242
17570;91242
12038;91242
13333;91242
13152;91242
10679;91242
13937;91242
18388;91242
14646;91242
15015;91242
15096;91242
15067;91242
13935;91242
15173;91242
17431;91242
18129;91242
15541;91242
16083;91242
18338;91242
15539;91242
15915;91242
16260;91242
17213;91242
18199;91242
15545;91242
16758;91242
15246;91242
17051;91242
18323;91242
16169;91242
16631;91242
16635;91242
18138;91242
14847;91242
15328;91242
16822;91242
18193;91242
12116;91242
18347;91242
14926;91242
11739;91242
17946;91242
18033;91242
17160;91242
17436;91242
15996;91242
18158;91243
18301;91243
13860;91243
14329;91243
12309;91243
15584;91243
12248;91243
15330;91243
14019;91243
15105;91243
10505;91243
11870;91243
14227;91243
14483;91243
10537;91243
13187;91243
12473;91243
10066;91243
15114;91243
16370;91243
16521;91243
15107;91243
17357;91243
17541;91243
18014;91243
15555;91243
18027;91243
16122;91243
13111;91243
18329;91243
15356;91243
17733;91243
18160;91243
12220;91243
12460;91243
13978;91243
15962;91243
18159;91243
10531;91243
18116;91243
18163;91243
13918;91243
14220;91243
15355;91243
18117;91243
18161;91243
18162;91243
17590;91243
14818;91243
14333;91243
11078;91243
13073;91243
13311;91243
15619;91243
14230;91243
18247;91243
18304;91243
14819;91243
15110;91243
14043;91243
12370;91243
15119;91243
13140;91243
15494;91243
10498;91243
18368;91243
10457;91243
18248;91243
16790;91243
18025;91243
18102;91243
16132;91243
18100;91243
12201;91243
13047;91243
13904;91243
18024;91243
18026;91243
12325;91243
14605;91243
15287;91243
16466;91243
17675;91243
15081;91243
11314;91243
12219;91243
16788;91243
11976;91243
11978;91243
11980;91243
11981;91243
11984;91243
11986;91243
15183;91243
11985;91243
11979;91243
11982;91243
11975;91243
11987;91243
12526;91243
18208;91243
15506;91243
11974;91243
11988;91243
16174;91243
14228;91243
16116;91243
18061;91243
12965;91243
12971;91243
15806;91243
15581;91243
13803;91243
17153;91243
16644;91243
14657;91243
14869;91243
16018;91243
12768;91243
13409;91243
13917;91243
16792;91243
16283;91243
17724;91243
17234;91243
13429;91243
14765;91243
13988;91243
18375;91243
18186;91243
12775;91243
12884;91243
14193;91243
15361;91243
15677;91243
15891;91243
15965;91243
16224;91243
16349;91243
16626;91243
16884;91243
17423;91243
17531;91243
17992;91243
18051;91243
18191;91243
18265;91243
11527;91243
10985;91243
16273;91243
10761;91243
18197;91243
12999;91243
17626;91243
16665;91243
17678;91243
17282;91243
10024;91243
17673;91243
18359;91243
10934;91243
10094;91243
12281;91243
17570;91243
11995;91243
12038;91243
13333;91243
14701;91243
13152;91243
13937;91243
14646;91243
17326;91243
18388;91243
15014;91243
16568;91243
15067;91243
15173;91243
16359;91243
17431;91243
11609;91243
15246;91243
16631;91243
16635;91243
16169;91243
17437;91243
18138;91243
14847;91243
15328;91243
18266;91243
15027;91243
10763;91243
15922;91243
16193;91243
14496;91243
13335;91243
17487;91243
17860;91243
15129;91243
12317;91243
14008;91243
18260;91243
15690;91243
18158;91244
14746;91244
15105;91244
10066;91244
12473;91244
15114;91244
16521;91244
10424;91244
16122;91244
18329;91244
13111;91244
15555;91244
17250;91244
18027;91244
17397;91244
17541;91244
17590;91244
16174;91244
11986;91244
13271;91244
11983;91244
13804;91244
11984;91244
11985;91244
12526;91244
11987;91244
18208;91244
11975;91244
11979;91244
11982;91244
11974;91244
11988;91244
15506;91244
11976;91244
11980;91244
12971;91244
17153;91244
16644;91244
12944;91244
14869;91244
13409;91244
16792;91244
14765;91244
13988;91244
14778;91244
10208;91244
12470;91244
12775;91244
13055;91244
13906;91244
15111;91244
15361;91244
15677;91244
15891;91244
16273;91244
16626;91244
17259;91244
18191;91244
10549;91244
18374;91244
10985;91244
13254;91244
17445;91244
18197;91244
10024;91244
12999;91244
15504;91244
17626;91244
17309;91244
17744;91244
13561;91244
16702;91244
17673;91244
13928;91244
18359;91244
10934;91244
10094;91244
17570;91244
12281;91244
13333;91244
13937;91244
15067;91244
15096;91244
15540;91244
18338;91244
15539;91244
16758;91244
15246;91244
16161;91244
18323;91244
17437;91244
18138;91244
18139;91244
10184;91244
10872;91244
15328;91244
16822;91244
06313;91244
16193;91244
15996;91244
13860;91245
12248;91245
14227;91245
18182;91245
15330;91245
15105;91245
11922;91245
10853;91245
18346;91245
11870;91245
13831;91245
14019;91245
11646;91245
14483;91245
16370;91245
16521;91245
17357;91245
10424;91245
14735;91245
17250;91245
17541;91245
18014;91245
18329;91245
18027;91245
13111;91245
17397;91245
16122;91245
15555;91245
16428;91245
17590;91245
10498;91245
13140;91245
15494;91245
17087;91245
18368;91245
16242;91245
18100;91245
13047;91245
17675;91245
18025;91245
12201;91245
13904;91245
16132;91245
18024;91245
18102;91245
16790;91245
12325;91245
16466;91245
14605;91245
15287;91245
18026;91245
15081;91245
14595;91245
11314;91245
11976;91245
11988;91245
16174;91245
11983;91245
13271;91245
13804;91245
11984;91245
11986;91245
12526;91245
15183;91245
11981;91245
11982;91245
11975;91245
11985;91245
11987;91245
18208;91245
11979;91245
15506;91245
11974;91245
11980;91245
13811;91245
17925;91245
14228;91245
18061;91245
16116;91245
15686;91245
12965;91245
12971;91245
15171;91245
15581;91245
12210;91245
15583;91245
15841;91245
16163;91245
15705;91245
15806;91245
13803;91245
17153;91245
16644;91245
14657;91245
14869;91245
16018;91245
13409;91245
13917;91245
12768;91245
16792;91245
12831;91245
18280;91245
16283;91245
12429;91245
14765;91245
13429;91245
17669;91245
13988;91245
18375;91245
11191;91245
10549;91245
12633;91245
14778;91245
12775;91245
13055;91245
13906;91245
14530;91245
14546;91245
15074;91245
15677;91245
16273;91245
16626;91245
16751;91245
17259;91245
17584;91245
17992;91245
18191;91245
11527;91245
15111;91245
15891;91245
16349;91245
16747;91245
17423;91245
18265;91245
18281;91245
15361;91245
13921;91245
10024;91245
12406;91245
12999;91245
16702;91245
17744;91245
16665;91245
14642;91245
17673;91245
12086;91245
13928;91245
18359;91245
12467;91245
10934;91245
17543;91245
12281;91245
17570;91245
10094;91245
12179;91245
13152;91245
14646;91245
17326;91245
13937;91245
15015;91245
15014;91245
15013;91245
16568;91245
15067;91245
15096;91245
15173;91245
13935;91245
16359;91245
14664;91245
17431;91245
15540;91245
18129;91245
18049;91245
17213;91245
16083;91245
18199;91245
15545;91245
18338;91245
16260;91245
15915;91245
15539;91245
16758;91245
15246;91245
16161;91245
17051;91245
18323;91245
17437;91245
18138;91245
10184;91245
15328;91245
12116;91245
14732;91245
15530;91245
14669;91245
17946;91245
18033;91245
14926;91245
17160;91245
15584;91248
14227;91248
18182;91248
12248;91248
11922;91248
10853;91248
15330;91248
14019;91248
15105;91248
18346;91248
11870;91248
10537;91248
11646;91248
13831;91248
13187;91248
14868;91248
14746;91248
12473;91248
15114;91248
10424;91248
16122;91248
17397;91248
18014;91248
14735;91248
15555;91248
18329;91248
13111;91248
17541;91248
17250;91248
18027;91248
16428;91248
17590;91248
11981;91248
11975;91248
11983;91248
13271;91248
11986;91248
11984;91248
11985;91248
15183;91248
11979;91248
13804;91248
11987;91248
12526;91248
11982;91248
18208;91248
11988;91248
11980;91248
16174;91248
11974;91248
12971;91248
15841;91248
16163;91248
15581;91248
13803;91248
12210;91248
17153;91248
16644;91248
14869;91248
13409;91248
13917;91248
16792;91248
18280;91248
12429;91248
13429;91248
14765;91248
13988;91248
18375;91248
11191;91248
14778;91248
10295;91248
10761;91248
12470;91248
12775;91248
12884;91248
15074;91248
15361;91248
15677;91248
15891;91248
16224;91248
16626;91248
16884;91248
17035;91248
17259;91248
17531;91248
17584;91248
17746;91248
18051;91248
18265;91248
18271;91248
15028;91248
18191;91248
10549;91248
18374;91248
10985;91248
13254;91248
13906;91248
13921;91248
16273;91248
16747;91248
18281;91248
12406;91248
12999;91248
14609;91248
15504;91248
17309;91248
17744;91248
17673;91248
12086;91248
13928;91248
18359;91248
12467;91248
17346;91248
17543;91248
10094;91248
17570;91248
12281;91248
13333;91248
12038;91248
14701;91248
13152;91248
13937;91248
17326;91248
14646;91248
16568;91248
15013;91248
15067;91248
18338;91248
15540;91248
15539;91248
16758;91248
17437;91248
18138;91248
17098;91248
18193;91248
10872;91248
06313;91248
14926;91248
17436;91248
18033;91248
15996;91248
14778;91401
10208;91401
10761;91401
11022;91401
17538;91401
18271;91401
18311;91401
12999;91401
16060;91401
16758;91401
10496;91401
11122;91401
13062;91401
14002;91401
14429;91401
14496;91401
15906;91401
16752;91401
16806;91401
17924;91401
18299;91401
18372;91401
18383;91401
11769;91401
14979;91401
18033;91401
17260;91401
17519;91401
16521;91402
18014;91402
16116;91402
14228;91402
15686;91402
16283;91402
14193;91402
11527;91402
14615;91402
14847;91402
18193;91402
06313;91402
11925;91402
11122;91402
11640;91402
13731;91402
14496;91402
16172;91402
17873;91402
12330;91402
17610;91402
17731;91402
12205;91402
14669;91402
16560;91402
17260;91402
17854;91402
14228;91403
15686;91403
16283;91403
10295;91403
14470;91403
18271;91403
14546;91403
15200;91403
18193;91403
11925;91403
12330;91403
14565;91403
16172;91403
16806;91403
16996;91403
17610;91403
17867;91403
17964;91403
18181;91403
17536;91403
17731;91403
10939;91403
16560;91403
17542;91403
12764;91406
16283;91406
12065;91406
17753;91406
18186;91406
11527;91406
10812;91406
12655;91406
15847;91406
16626;91406
16884;91406
17035;91406
17538;91406
18237;91406
18358;91406
18362;91406
16273;91406
10024;91406
16060;91406
16758;91406
14615;91406
14847;91406
16493;91406
17098;91406
17874;91406
18250;91406
10763;91406
11640;91406
11839;91406
12205;91406
13062;91406
13731;91406
14496;91406
14853;91406
15272;91406
15461;91406
15530;91406
15593;91406
15878;91406
15906;91406
16172;91406
16752;91406
16806;91406
17317;91406
17556;91406
17610;91406
17731;91406
17797;91406
17873;91406
17924;91406
18347;91406
18372;91406
11728;91406
12092;91406
15693;91406
18326;91406
17342;91406
14979;91406
14980;91406
17160;91406
12732;91406
17519;91406
17854;91406
17179;91406
15686;91409
16283;91409
12655;91409
14546;91409
12086;91409
15067;91409
11925;91409
11122;91409
11640;91409
15593;91409
16996;91409
17825;91409
12092;91409
12205;91409
17964;91409
11739;91409
15686;91410
12764;91410
15234;91410
17869;91410
18271;91410
13561;91410
12086;91410
15067;91410
16758;91410
18193;91410
06313;91410
11925;91410
11640;91410
12205;91410
15395;91410
16172;91410
16752;91410
17317;91410
17610;91410
12092;91410
18394;91410
18400;91410
11769;91410
17226;91410
18061;91411
15686;91411
13696;91411
17753;91411
14470;91411
16758;91411
11677;91411
14853;91411
17320;91411
17610;91411
11728;91411
17731;91411
11739;91411
16521;91413
18014;91413
15686;91413
12065;91413
17753;91413
10812;91413
14470;91413
15677;91413
16508;91413
17869;91413
18237;91413
18271;91413
18362;91413
18370;91413
16665;91413
15067;91413
11677;91413
14847;91413
15258;91413
15328;91413
17098;91413
11925;91413
10763;91413
10937;91413
13017;91413
13062;91413
13731;91413
14496;91413
14853;91413
15395;91413
15693;91413
16172;91413
16752;91413
16760;91413
16806;91413
16996;91413
17317;91413
17731;91413
17797;91413
18299;91413
18387;91413
12330;91413
17610;91413
18394;91413
18400;91413
16560;91413
17542;91413
12732;91413
17519;91413
17854;91413
17931;91413
18014;91417
16273;91417
18311;91417
16665;91417
15067;91417
16758;91417
10496;91417
06313;91417
10763;91417
12330;91417
15693;91417
16512;91417
17825;91417
17878;91417
18299;91417
18347;91417
12092;91417
17564;91417
17867;91417
14979;91417
12732;91417
17519;91417
18014;91419
16116;91419
17538;91419
12999;91419
11640;91419
15906;91419
16806;91419
16996;91419
17317;91419
17610;91419
18109;91419
18181;91419
18299;91419
12330;91419
12205;91419
16550;91419
14669;91419
17542;91419
18033;91419
17854;91419
16521;91420
18061;91420
15686;91420
12655;91420
10709;91420
14615;91420
15593;91420
11728;91420
15395;91420
11769;91420
17931;91420
10208;91421
11366;91421
16508;91421
14546;91421
15759;91421
16493;91421
10544;91421
11122;91421
12330;91421
13731;91421
15395;91421
16996;91421
17556;91421
18294;91421
18387;91421
15461;91421
15693;91421
17867;91421
18394;91421
18400;91421
17342;91421
11769;91421
14980;91421
12732;91421
17519;91421
17854;91421
18014;91423
15686;91423
16116;91423
14778;91423
11022;91423
12655;91423
15234;91423
15677;91423
18265;91423
18362;91423
10761;91423
14546;91423
16508;91423
13561;91423
16665;91423
10024;91423
16758;91423
11677;91423
13552;91423
16493;91423
17874;91423
18193;91423
06313;91423
11122;91423
11640;91423
11839;91423
13017;91423
14853;91423
15530;91423
15593;91423
15906;91423
16752;91423
16996;91423
17610;91423
17797;91423
17867;91423
17964;91423
18347;91423
11728;91423
12092;91423
17564;91423
18394;91423
18400;91423
17226;91423
17917;91423
17946;91423
11739;91423
18014;91425
16116;91425
15686;91425
14778;91425
11022;91425
14546;91425
15464;91425
15847;91425
15965;91425
16273;91425
18265;91425
18311;91425
18362;91425
18370;91425
10431;91425
16508;91425
12999;91425
13561;91425
16665;91425
10024;91425
15067;91425
13552;91425
15258;91425
17092;91425
17874;91425
18193;91425
10763;91425
11122;91425
11839;91425
13731;91425
15530;91425
15878;91425
16752;91425
16996;91425
17317;91425
17610;91425
17867;91425
18294;91425
18383;91425
12092;91425
13017;91425
17564;91425
17964;91425
18394;91425
18400;91425
16550;91425
10939;91425
17946;91425
18033;91425
17931;91425
16521;91428
15965;91428
17152;91428
18362;91428
16758;91428
10184;91428
15200;91428
18193;91428
06313;91428
11839;91428
12330;91428
13017;91428
14687;91428
14853;91428
15878;91428
15906;91428
16760;91428
16806;91428
17867;91428
17924;91428
18109;91428
18387;91428
12205;91428
18326;91428
18400;91428
17160;91428
17226;91428
16521;91429
15686;91429
11527;91429
10208;91429
18265;91429
16758;91429
17098;91429
10763;91429
13731;91429
14002;91429
14853;91429
15027;91429
15906;91429
16806;91429
16996;91429
17317;91429
18372;91429
18387;91429
18394;91429
18400;91429
14606;91429
17260;91429
17179;91429
16521;91434
14228;91434
15686;91434
16116;91434
18061;91434
12065;91434
10549;91434
14193;91434
15234;91434
15847;91434
15891;91434
16884;91434
17035;91434
18091;91434
18237;91434
18281;91434
18362;91434
18370;91434
11527;91434
10431;91434
10024;91434
12999;91434
16665;91434
15014;91434
15015;91434
15067;91434
14808;91434
15258;91434
15759;91434
18193;91434
18250;91434
06313;91434
10763;91434
11122;91434
11640;91434
11839;91434
12205;91434
12330;91434
13731;91434
15027;91434
15272;91434
15395;91434
15530;91434
15878;91434
15906;91434
16172;91434
16752;91434
16806;91434
17452;91434
17867;91434
17996;91434
18109;91434
18299;91434
18347;91434
18372;91434
18383;91434
18387;91434
17610;91434
10411;91434
12092;91434
13017;91434
15461;91434
15693;91434
15751;91434
17536;91434
17564;91434
18326;91434
18394;91434
18400;91434
17342;91434
16550;91434
14606;91434
14669;91434
14979;91434
16560;91434
17160;91434
17876;91434
17917;91434
12732;91434
17519;91434
17854;91434
17179;91434
17931;91434
16521;91444
15067;91444
15759;91444
16493;91444
10937;91444
14002;91444
14853;91444
15395;91444
15461;91444
16996;91444
17610;91444
18181;91444
15751;91444
18394;91444
18400;91444
17342;91444
14979;91444
17519;91444
17931;91444
18014;91448
15686;91448
16116;91448
12965;91448
10549;91448
15965;91448
16433;91448
16867;91448
18370;91448
17282;91448
10934;91448
15067;91448
14615;91448
14808;91448
15328;91448
15759;91448
11731;91448
10763;91448
10544;91448
11640;91448
12205;91448
14565;91448
15461;91448
15530;91448
15593;91448
15878;91448
16172;91448
16752;91448
16996;91448
17317;91448
17731;91448
17878;91448
18372;91448
18383;91448
18387;91448
17610;91448
12092;91448
13017;91448
17536;91448
17996;91448
18394;91448
18400;91448
11739;91448
14669;91448
17018;91448
17542;91448
17917;91448
12072;91448
17931;91448
10184;91449
11731;91449
16862;91449
12205;91449
14853;91449
17610;91449
17873;91449
15461;91449
17519;91449
17931;91449
18014;91500
15686;91500
16116;91500
17925;91500
12065;91500
17753;91500
11022;91500
11366;91500
15847;91500
15891;91500
17259;91500
17869;91500
18311;91500
15453;91500
10184;91500
15258;91500
17874;91500
10763;91500
10544;91500
11701;91500
11839;91500
14429;91500
14496;91500
14687;91500
14853;91500
15395;91500
15693;91500
15906;91500
17317;91500
17610;91500
16806;91500
10411;91500
12205;91500
11769;91500
16550;91500
17519;91500
17179;91500
15686;91501
16116;91501
11022;91501
14530;91501
14546;91501
15965;91501
16884;91501
18374;91501
11527;91501
12205;91501
14853;91501
15530;91501
15693;91501
15845;91501
15878;91501
16172;91501
16806;91501
16996;91501
11728;91501
17964;91501
10939;91501
11739;91501
12072;91501
17519;91501
15686;91502
10549;91502
14778;91502
15464;91502
17035;91502
18281;91502
15014;91502
15067;91502
15096;91502
15200;91502
15593;91502
15906;91502
16760;91502
16806;91502
16996;91502
17317;91502
17610;91502
12205;91502
13017;91502
14496;91502
17964;91502
18394;91502
16550;91502
12072;91502
18061;91505
15686;91505
17147;91505
18374;91505
14546;91505
15328;91505
13017;91505
16172;91505
16512;91505
16806;91505
17317;91505
17320;91505
14496;91505
12205;91505
17564;91505
10939;91505
11739;91505
14979;91505
16560;91505
17876;91505
12732;91505
17519;91505
16521;91510
12764;91510
12065;91510
10208;91510
11022;91510
11762;91510
14546;91510
16433;91510
16867;91510
17035;91510
17869;91510
18091;91510
18281;91510
18358;91510
18374;91510
13561;91510
17282;91510
15015;91510
11640;91510
11701;91510
11839;91510
14687;91510
15027;91510
15530;91510
15693;91510
15845;91510
16172;91510
16512;91510
16752;91510
16760;91510
16806;91510
17556;91510
17924;91510
17564;91510
17867;91510
18394;91510
14606;91510
17160;91510
17542;91510
12072;91510
17519;91510
10549;91511
10761;91511
10812;91511
10985;91511
14546;91511
16867;91511
17147;91511
18311;91511
18374;91511
15014;91511
16568;91511
10872;91511
15200;91511
17098;91511
10544;91511
11640;91511
11701;91511
11839;91511
12205;91511
14853;91511
15027;91511
15395;91511
15878;91511
16806;91511
17317;91511
17452;91511
17556;91511
17610;91511
17731;91511
18109;91511
18294;91511
14496;91511
15530;91511
15751;91511
17564;91511
17867;91511
10939;91511
11769;91511
14669;91511
17018;91511
17226;91511
17542;91511
17946;91511
12072;91511
17519;91511
17854;91511
17931;91511
10985;91512
11022;91512
11527;91512
13561;91512
15014;91512
15067;91512
11701;91512
11839;91512
13062;91512
14853;91512
16512;91512
16760;91512
16806;91512
17317;91512
17825;91512
14496;91512
15530;91512
14606;91512
12072;91512
17519;91512
17854;91512
17931;91512
14329;91710
15584;91710
12309;91710
14483;91710
11922;91710
10505;91710
13187;91710
14868;91710
10537;91710
12473;91710
15114;91710
16521;91710
15107;91710
17357;91710
10424;91710
13111;91710
14735;91710
16122;91710
12220;91710
14282;91710
15962;91710
18116;91710
18162;91710
12460;91710
13918;91710
15357;91710
16152;91710
10531;91710
14593;91710
18163;91710
14220;91710
15356;91710
17590;91710
18297;91710
14613;91710
14333;91710
17178;91710
15116;91710
13311;91710
12370;91710
15619;91710
14230;91710
15110;91710
15119;91710
14817;91710
13073;91710
10778;91710
18248;91710
18102;91710
16466;91710
18026;91710
12201;91710
13047;91710
15287;91710
16132;91710
18025;91710
16242;91710
17675;91710
12325;91710
14595;91710
18218;91710
15081;91710
17450;91710
11983;91710
11985;91710
11986;91710
12526;91710
15183;91710
11979;91710
11980;91710
13271;91710
11982;91710
11987;91710
13804;91710
18208;91710
11988;91710
15506;91710
11976;91710
17153;91710
16644;91710
14657;91710
16018;91710
12768;91710
13409;91710
18280;91710
14765;91710
12470;91710
12775;91710
17055;91710
17584;91710
17885;91710
10295;91710
16273;91710
18157;91710
18009;91710
13254;91710
14405;91710
10024;91710
14642;91710
17626;91710
17678;91710
13561;91710
17673;91710
18359;91710
10934;91710
11834;91710
17346;91710
17543;91710
10094;91710
17570;91710
12281;91710
17326;91710
15173;91710
18129;91710
15540;91710
18338;91710
15085;91710
16758;91710
14733;91710
16635;91710
17437;91710
15922;91710
18372;91710
17160;91710
17436;91710
12072;91710
13860;91711
14634;91711
12309;91711
15584;91711
11922;91711
10537;91711
13187;91711
14868;91711
14746;91711
14483;91711
16521;91711
15114;91711
15107;91711
10424;91711
17357;91711
14735;91711
16122;91711
12460;91711
13918;91711
14593;91711
15355;91711
15356;91711
15962;91711
18161;91711
18162;91711
10531;91711
16152;91711
18163;91711
14220;91711
17590;91711
14818;91711
14817;91711
11078;91711
14613;91711
15116;91711
14333;91711
12370;91711
18247;91711
13311;91711
13073;91711
14379;91711
10457;91711
10975;91711
10778;91711
18026;91711
12201;91711
13047;91711
15287;91711
16132;91711
16242;91711
16466;91711
18024;91711
17675;91711
12325;91711
14595;91711
15081;91711
17450;91711
12219;91711
11975;91711
11980;91711
11986;91711
11987;91711
13271;91711
18208;91711
12526;91711
13804;91711
11982;91711
15506;91711
16174;91711
12768;91711
13409;91711
17234;91711
14765;91711
13429;91711
11684;91711
12048;91711
17746;91711
10431;91711
15028;91711
16224;91711
14642;91711
16665;91711
17678;91711
18359;91711
17673;91711
10934;91711
10094;91711
12281;91711
15219;91711
17570;91711
17326;91711
18129;91711
15539;91711
15540;91711
18338;91711
17437;91711
18372;91711
12072;91711
12309;91712
18158;91712
11922;91712
14483;91712
12248;91712
14019;91712
10853;91712
10537;91712
13187;91712
11870;91712
14868;91712
16521;91712
15114;91712
15107;91712
10424;91712
17357;91712
16122;91712
12220;91712
15962;91712
12460;91712
15355;91712
15357;91712
16152;91712
18163;91712
17590;91712
14333;91712
14817;91712
11078;91712
14613;91712
13311;91712
13073;91712
15116;91712
11867;91712
14230;91712
15119;91712
14043;91712
10457;91712
10778;91712
18248;91712
18026;91712
13047;91712
13904;91712
15287;91712
17675;91712
12325;91712
14595;91712
15081;91712
12219;91712
16788;91712
11979;91712
11980;91712
11981;91712
11985;91712
11987;91712
12526;91712
13271;91712
15183;91712
18208;91712
11974;91712
17153;91712
16644;91712
14657;91712
16018;91712
18280;91712
12429;91712
14765;91712
13429;91712
10549;91712
11762;91712
12470;91712
15361;91712
16273;91712
17055;91712
17666;91712
18009;91712
16224;91712
17735;91712
14642;91712
17626;91712
17678;91712
18359;91712
17673;91712
17346;91712
17543;91712
10094;91712
12281;91712
15015;91712
15096;91712
18129;91712
15539;91712
15540;91712
15915;91712
18199;91712
16060;91712
16631;91712
17437;91712
18193;91712
16521;91714
15114;91714
10424;91714
15555;91714
12460;91714
13918;91714
15355;91714
15962;91714
13978;91714
15357;91714
16152;91714
10531;91714
14593;91714
15356;91714
15183;91714
11975;91714
11979;91714
11980;91714
11981;91714
11983;91714
11985;91714
11987;91714
13271;91714
16174;91714
11982;91714
12526;91714
13804;91714
18208;91714
11974;91714
13409;91714
14765;91714
10295;91714
16273;91714
17055;91714
18157;91714
13561;91714
14642;91714
18359;91714
17673;91714
10934;91714
17346;91714
17543;91714
10094;91714
17570;91714
13152;91714
15539;91714
18338;91714
16595;91714
11609;91714
15246;91714
18323;91714
14615;91714
17912;91714
10066;91715
12473;91715
16521;91715
12220;91715
12460;91715
13978;91715
15355;91715
15356;91715
15357;91715
17733;91715
18161;91715
18163;91715
10531;91715
14220;91715
18116;91715
11979;91715
11980;91715
11983;91715
11984;91715
11987;91715
11988;91715
12526;91715
13271;91715
15183;91715
15506;91715
16174;91715
11975;91715
13804;91715
18208;91715
12831;91715
13429;91715
14765;91715
13988;91715
11366;91715
12155;91715
15965;91715
16397;91715
17055;91715
17423;91715
17435;91715
17735;91715
17746;91715
18103;91715
12048;91715
10024;91715
15504;91715
15237;91715
14642;91715
18359;91715
12086;91715
10094;91715
12281;91715
13333;91715
17326;91715
18060;91715
15015;91715
16758;91715
16822;91715
18372;91715
17912;91715
14483;91716
11922;91716
12248;91716
14019;91716
13831;91716
18346;91716
14227;91716
10537;91716
10066;91716
14735;91716
17250;91716
17397;91716
12220;91716
13918;91716
15962;91716
16152;91716
18116;91716
18160;91716
10531;91716
14593;91716
18102;91716
18026;91716
11979;91716
11981;91716
11983;91716
11985;91716
13271;91716
15183;91716
16174;91716
12526;91716
13804;91716
18208;91716
11980;91716
16283;91716
13429;91716
14765;91716
13988;91716
15965;91716
15660;91716
18362;91716
16397;91716
17423;91716
17435;91716
17746;91716
18103;91716
18374;91716
18186;91716
12048;91716
13254;91716
12916;91716
10024;91716
15237;91716
15504;91716
14642;91716
12086;91716
18359;91716
17346;91716
17543;91716
13333;91716
18060;91716
16595;91716
17051;91716
18323;91716
14615;91716
18016;91716
17912;91716
15522;91718
11922;91718
14483;91718
15330;91718
12248;91718
18346;91718
14019;91718
13831;91718
10537;91718
13187;91718
14868;91718
15105;91718
16370;91718
10066;91718
16521;91718
17357;91718
14735;91718
16428;91718
10531;91718
12460;91718
15355;91718
15357;91718
15962;91718
16152;91718
17733;91718
18163;91718
12220;91718
18116;91718
14282;91718
18159;91718
13918;91718
13978;91718
14593;91718
17450;91718
14595;91718
15081;91718
12219;91718
16788;91718
16792;91718
13429;91718
14765;91718
16747;91718
18265;91718
15660;91718
12470;91718
13906;91718
16397;91718
17423;91718
17435;91718
18103;91718
18374;91718
12048;91718
12916;91718
14642;91718
12086;91718
12281;91718
17570;91718
10094;91718
13152;91718
17326;91718
14646;91718
16595;91718
14615;91718
18016;91718
18372;91718
17436;91718
10066;91719
10424;91719
17357;91719
15555;91719
16122;91719
13111;91719
18116;91719
18160;91719
18161;91719
18162;91719
10531;91719
12460;91719
15355;91719
15962;91719
16152;91719
13918;91719
18163;91719
16792;91719
13409;91719
18280;91719
15028;91719
16747;91719
17735;91719
18265;91719
10985;91719
12155;91719
13906;91719
15965;91719
16273;91719
17423;91719
17435;91719
18009;91719
18051;91719
18103;91719
13254;91719
12916;91719
14642;91719
15013;91719
15014;91719
16822;91719
17912;91719
